{"Name":"MeleeSystem","IsActive":true,"Color":{"r":0.7728374004364014,"g":1.0,"b":0.23207539319992066,"a":0.0}}